test_loss,test_acc,val_loss,val_acc
3.83041009487531,0.26788521987509467,3.860290200977379,0.2676622610987509
