test_loss,test_acc,val_loss,val_acc
3.856004318048722,0.2659710305962575,3.8813629449284544,0.26127102511664047
