test_loss,test_acc,val_loss,val_acc
3.8370032567363195,0.26413660033466707,3.850899159085574,0.2637204329716406
