fold,avg_len,test_loss,test_acc,val_loss,val_acc,best_epoch
0,3.981567109832493,0.26777440092314847,4.0548136419469385,0.25080238950554673,3
1,3.765366706920667,0.27040718441453726,3.9414964625679443,0.2620826435465524,4
2,3.750293135286468,0.2707843382560768,3.8540192005752156,0.27845613808006386,4
3,3.9267903201552605,0.2549181987912675,3.675122474623718,0.2537429293343988,8
