fold,avg_len,test_loss,test_acc,val_loss,val_acc,best_epoch
0,3.977846976771184,0.25898513179277727,4.02526955356545,0.2457441464766162,2
1,3.7244953427477934,0.27677848283555573,3.916081863245744,0.26356460493652206,1
2,3.716150195627084,0.26436395022323916,3.791847196912584,0.27898851416636783,3
3,3.929520511799216,0.2564188364870961,3.6703980226185164,0.26658446630705646,4
