test_loss,test_acc,val_loss,val_acc
3.738414978877997,0.2720138448342692,3.731756849906076,0.27122993888015057
