fold,avg_len,test_loss,test_acc,val_loss,val_acc,best_epoch
0,3.674809186861077,0.28639959431107936,3.7223733153722582,0.27134464574105577,6
1,3.8121853285949867,0.26415758956586216,3.6734761125744972,0.28697957571254423,6
2,3.7219644179244282,0.2713383508828236,3.8115634815156985,0.2620045384447536,4
3,3.744700982131495,0.2661598445773116,3.719614490161851,0.2645909956222487,4
