test_loss,test_acc,val_loss,val_acc
3.7019209633350587,0.27853186478499836,3.7018004806831746,0.279520526676163
