fold,avg_len,test_loss,test_acc,val_loss,val_acc,best_epoch
0,3.6413857296901186,0.2889542995866072,3.691575718247047,0.27962530942240016,9
1,3.7765613384560206,0.26756084093536386,3.6264529254040148,0.2896195956909997,7
2,3.689166516138844,0.2781900853828973,3.7873348888733958,0.2723845780308802,8
3,3.700570269055252,0.27942223323512505,3.7018383902082417,0.27645262356037187,6
