test_loss,test_acc,val_loss,val_acc
3.724674640017019,0.2736505520973376,3.7145071127747613,0.27668622350075506
