test_loss,test_acc,val_loss,val_acc
3.7274921284181137,0.2718133690289368,3.7249330221736416,0.27260274908162185
