fold,avg_len,test_loss,test_acc,val_loss,val_acc,best_epoch
0,3.6547534248968945,0.28515614487239127,3.7009363259746317,0.27721844090238146,8
1,3.79661015945397,0.2633515741048885,3.651367013183667,0.2876076893637821,6
2,3.7143765188677658,0.2748451170466341,3.797508494662042,0.2671977759546613,5
3,3.7329584568494476,0.27124937236543634,3.7082166172787048,0.2747209877821953,4
