fold,avg_len,test_loss,test_acc,val_loss,val_acc,best_epoch
0,3.6653129751808438,0.2858973352027122,3.7231857171581706,0.27126247768569345,6
1,3.8066642144972986,0.2553449774102955,3.667464373452231,0.2784600152226094,3
2,3.7100010794565565,0.2733373438834368,3.8013079571475425,0.26519332420811215,3
3,3.7279902445377555,0.2726738196193028,3.7077740409366227,0.27549517921007244,4
