fold,avg_len,test_loss,test_acc,val_loss,val_acc,best_epoch
0,3.951186037281732,0.2693018588721778,4.016161496680438,0.2557581315874834,3
1,3.6983846996220344,0.2824191797482197,3.8911883667897067,0.2706691786899374,3
2,3.6965638452275047,0.26156846424410635,3.8092167072876326,0.27113055166409494,3
3,3.954739371572721,0.2551947009231047,3.6426458951771252,0.27156587791241316,5
