fold,avg_len,test_loss,test_acc,val_loss,val_acc,best_epoch
0,3.969530394921962,0.26383470573524076,4.032002034577373,0.25305384088106103,3
1,3.700639770420785,0.2711143511329767,3.8924272472985555,0.260419465459846,5
2,3.7318594022309357,0.2582262916386714,3.8237943988335905,0.2711850048697947,3
3,3.971292397575003,0.253446569761205,3.659190007710942,0.2674884334060514,4
