test_loss,test_acc,val_loss,val_acc
3.8433304912871717,0.26165547956702345,3.851853422105115,0.2630366861541883
