test_loss,test_acc,val_loss,val_acc
3.825218488425998,0.2671210509469021,3.8398031164837256,0.26728093496348226
