fold,avg_len,test_loss,test_acc,val_loss,val_acc,best_epoch
0,3.9917597287132414,0.2588312288762933,4.043761675626975,0.2444364139280786,3
1,3.7464973067149465,0.27760408990396745,3.9208844566472902,0.25751365246091085,2
2,3.7245184771119315,0.26816073703246107,3.841991289305596,0.2680827465064172,3
3,4.0034305083959385,0.24008417740420707,3.7105080028676913,0.2516201117400396,1
