test_loss,test_acc,val_loss,val_acc
3.8665515052340145,0.26117005830423223,3.879286356111888,0.25541323115886155
