fold,avg_len,test_loss,test_acc,val_loss,val_acc,best_epoch
0,3.638235780361911,0.2835498353144697,3.6891031556652782,0.27637834910365705,12
1,3.773018750131073,0.2689007789360476,3.6415362015638837,0.2893286285689679,10
2,3.709820633686421,0.27483711503247,3.7906134796936324,0.2672592147889637,4
3,3.7384313769483977,0.2750852095387697,3.722877967517947,0.2738705173680498,2
