fold,avg_len,test_loss,test_acc,val_loss,val_acc,best_epoch
0,3.6699046405260765,0.28337693727608565,3.722079315341177,0.2722782566422732,7
1,3.789329010047057,0.25665993041874996,3.66749156553677,0.28577343911578035,5
2,3.7216428007404025,0.27582106639739734,3.8045957400118637,0.25530781154673005,4
3,3.7799575806268986,0.2680300815209203,3.744204617916289,0.2693427359838324,1
