test_loss,test_acc,val_loss,val_acc
3.714876635281951,0.2755932347054392,3.7110327011101854,0.2767091774574096
