test_loss,test_acc,val_loss,val_acc
3.7402085079851086,0.2709720039032883,3.734592809701525,0.27067556082215394
