fold,avg_len,test_loss,test_acc,val_loss,val_acc,best_epoch
0,3.690259441450032,0.27586446334379466,3.7411896788130643,0.26709503496724496,5
1,3.8062567308902264,0.26188175176235884,3.6807437296917076,0.28157041384127496,7
2,3.722915105053342,0.2699756076917653,3.813210066418376,0.2629786918698727,6
3,3.7328376175304943,0.2655182105575284,3.72497559504198,0.2632792366355011,7
