test_loss,test_acc,val_loss,val_acc
3.7380672237310235,0.2683100083388618,3.740029767491282,0.2687308443284734
