test_loss,test_acc,val_loss,val_acc
3.6926095166684068,0.28070875880534335,3.6946948815859604,0.2791456832349255
