fold,avg_len,test_loss,test_acc,val_loss,val_acc,best_epoch
0,3.635770693765952,0.29125217410683213,3.6900257411606594,0.28032603592068484,9
1,3.7607774984882676,0.27356457981010174,3.630209637653532,0.29073194680538866,11
2,3.67939757470323,0.2778554325813755,3.775618691636562,0.2691198155865138,6
3,3.6944922997161775,0.28016284872306413,3.68292545589309,0.27640493462711463,8
