fold,avg_len,test_loss,test_acc,val_loss,val_acc,best_epoch
0,3.6771392462417327,0.28199431228082134,3.7148340568980776,0.27250300047298526,6
1,3.808650819366481,0.26625481117853506,3.6867337457467046,0.2855588976722906,2
2,3.718006954839517,0.2693318537710233,3.8007007143072187,0.2663750201709405,4
3,3.7196383597241858,0.272576918956196,3.700617523601227,0.2756445309479723,7
