test_loss,test_acc,val_loss,val_acc
3.6986166311879276,0.2773343692257587,3.6974515408882898,0.27925670049236867
