fold,avg_len,test_loss,test_acc,val_loss,val_acc,best_epoch
0,3.6389921746774134,0.28794910443764804,3.6934866621036235,0.28072723444396935,6
1,3.768207508639261,0.26530796052513667,3.631819048852825,0.2874318842604053,8
2,3.694988656151501,0.27694802068690305,3.7811354415645995,0.27194991640934824,5
3,3.6922781852835342,0.279132391253347,3.6833650110321106,0.2769177668557519,7
