test_loss,test_acc,val_loss,val_acc
3.730858845042979,0.2725394740466439,3.725721510138307,0.27502036231604715
