test_loss,test_acc,val_loss,val_acc
3.732650100925665,0.27038226590844944,3.727156913616567,0.2708684740855281
