fold,avg_len,test_loss,test_acc,val_loss,val_acc,best_epoch
0,3.651402392973921,0.2872718820629906,3.6966616368904526,0.2790218518704083,6
1,3.787215230738394,0.2713411844907182,3.64610752391109,0.28956289311185945,4
2,3.710825662088916,0.27661660404026556,3.7980334164057625,0.27068299666906187,6
3,3.715356734840857,0.272545797539807,3.6937604235473893,0.27542914551085895,7
