test_loss,test_acc,val_loss,val_acc
3.7162000051605215,0.2769438670334453,3.708640750188674,0.2786742217905471
