fold,avg_len,test_loss,test_acc,val_loss,val_acc,best_epoch
0,3.952705374238493,0.27074656390723195,4.026373101169229,0.259544672286763,4
1,3.760669128432473,0.2754161068695126,3.924461094154322,0.272325562814589,2
2,3.7031974958837224,0.26806533992472886,3.7980707861171474,0.2713583873365315,9
3,3.9231365257085633,0.25694608414698716,3.6530223502997052,0.2687853081726161,7
