test_loss,test_acc,val_loss,val_acc
3.8512972675304864,0.2645970818327473,3.871968454359987,0.26475599444388903
