fold,avg_len,test_loss,test_acc,val_loss,val_acc,best_epoch
0,3.9632566547922283,0.26820572491511646,4.032973395697892,0.2581528570204915,12
1,3.764515074849582,0.2679946153676102,3.9286397245545266,0.26380514217355866,5
2,3.738440840133375,0.2690033739428796,3.840749553310554,0.2741862898997028,4
3,3.938976500346759,0.253184613105383,3.685511143876975,0.26287968868180317,5
