test_loss,test_acc,val_loss,val_acc
3.8406713843670897,0.26391370340700987,3.8522986283999705,0.2622582098381425
