fold,avg_len,test_loss,test_acc,val_loss,val_acc,best_epoch
0,3.984290427231628,0.2617672944481086,4.04364508210982,0.2502533463025844,4
1,3.728855536283196,0.2747776366118696,3.901166317735233,0.26824311834268494,5
2,3.7093124790289584,0.26665843044990406,3.8026580143337467,0.27548586968686645,9
3,3.940227094924576,0.25245145211815734,3.6617250994210826,0.25505050502043447,5
