test_loss,test_acc,val_loss,val_acc
3.834927131065813,0.2677935237121152,3.850481832935101,0.2680034826526249
