test_loss,test_acc,val_loss,val_acc
3.847440415259299,0.2684215675638364,3.863878535240849,0.2669060379587823
