test_loss,test_acc,val_loss,val_acc
3.844234755151792,0.2646035211492872,3.8422876799824204,0.2681565710142353
