fold,avg_len,test_loss,test_acc,val_loss,val_acc,best_epoch
0,3.985420048335125,0.26027721356849315,4.022078830489092,0.25486943231269027,1
1,3.7042823091659254,0.27891619770925763,3.8868641889274276,0.2718969247684258,3
2,3.748778681330271,0.26536238587455147,3.802738069853402,0.2761572707175302,2
3,3.938457981775845,0.25385828744484656,3.657469630659759,0.2697026562582949,4
