fold,avg_len,test_loss,test_acc,val_loss,val_acc,best_epoch
0,3.9708091439131183,0.26246828501079655,4.041643648341592,0.2564657843808778,1
1,3.751047657107219,0.28230156132476864,3.9250351282386973,0.2708394303837526,3
2,3.7217248126686937,0.274391422298644,3.8165953500189254,0.2782965844008406,5
3,3.9461800473481667,0.2545250016211364,3.6722400143641836,0.26202235266965834,5
