fold,avg_len,test_loss,test_acc,val_loss,val_acc,best_epoch
0,3.92581463291645,0.2747375576176727,3.992478368981786,0.25646224186193756,10
1,3.728834864213893,0.2786510951845365,3.9002460444598532,0.2791617244636108,2
2,3.740314052063031,0.26160965951008025,3.8276076793670653,0.2745916295187555,2
3,3.929197336645531,0.2554565229647232,3.6635588780850554,0.2621709706341518,4
