test_loss,test_acc,val_loss,val_acc
3.8310402214597263,0.26761370881925317,3.84597274272344,0.26809664161961394
