test_loss,test_acc,val_loss,val_acc
3.725728766377527,0.27230553242418964,3.7196898936930305,0.2741230181793323
