test_loss,test_acc,val_loss,val_acc
3.7257656169393707,0.27788849364572016,3.7207639737473617,0.27893181001624556
