fold,avg_len,test_loss,test_acc,val_loss,val_acc,best_epoch
0,3.664142975488597,0.2858677614873584,3.7115334091062513,0.27954012233081516,5
1,3.787006553654358,0.26936801407298483,3.6516757729302496,0.2917054574918897,6
2,3.7196677770099233,0.2771095487963987,3.789466785157927,0.26861444153606084,5
3,3.732245161604606,0.2792086502261388,3.7303799277950183,0.27586721870621667,2
