fold,avg_len,test_loss,test_acc,val_loss,val_acc,best_epoch
0,3.677787207639632,0.2817583661257644,3.725086867103839,0.27056060129302417,7
1,3.791491426544612,0.26610187957165293,3.662510106805857,0.28887762392712996,8
2,3.6956989470068886,0.2727180471536147,3.7883206062948895,0.2656019519881946,8
3,3.7379374843189748,0.2686438368457267,3.7028419945675353,0.2714518955089806,3
