test_loss,test_acc,val_loss,val_acc,best_epoch,embedding_size,hidden_size,concept_size,nlayers,dropout
3.666806767248217,0.28156596269873513,3.7187280691855626,0.27156339500391624,9,449,60,5,2,0.2019399599367433
