test_loss,test_acc,val_loss,val_acc
3.818247561745665,0.2719824679280716,3.840509080970153,0.2693470868430871
