test_loss,test_acc,val_loss,val_acc
3.8414981557087513,0.26765797455380913,3.853368159896059,0.2659361875422693
