fold,avg_len,test_loss,test_acc,val_loss,val_acc,best_epoch
0,3.914695691005998,0.280071014092576,4.0181948195864505,0.26009467076840276,9
1,3.7117640382890014,0.28180752243605856,3.8784532615747502,0.2761507130536846,7
2,3.712821004829402,0.26871972074575523,3.8035294041434167,0.27291236594602636,4
3,3.933709512858259,0.25733161443789676,3.661858838575995,0.2682305976042347,4
