fold,avg_len,test_loss,test_acc,val_loss,val_acc,best_epoch
0,3.961402677368574,0.27890169503060336,4.041610050474517,0.2537433557018527,4
1,3.723452973637744,0.2832251245871243,3.914108173022814,0.2675698275558002,6
2,3.7302758092403603,0.26589716918856793,3.811312073537152,0.27717110683482865,4
3,3.9521740720925425,0.24800214124581108,3.6657136320612347,0.2510248157496753,5
