test_loss,test_acc,val_loss,val_acc
3.8418263830848054,0.26900653251302664,3.8581859822739295,0.2623772764605392
