fold,avg_len,test_loss,test_acc,val_loss,val_acc,best_epoch
0,3.65537333853816,0.29068378489966495,3.70028570432593,0.2790499830600161,8
1,3.808598337958222,0.2648774828190185,3.655236947434335,0.2900131364560421,3
2,3.7042888709138757,0.27775302371149335,3.788979421334832,0.2734657553956461,9
3,3.714003079580295,0.27653856555145945,3.705042315122831,0.275516434067433,4
