test_loss,test_acc,val_loss,val_acc
3.725344148498199,0.27351301399079475,3.7193328013222704,0.273906871814772
