test_loss,test_acc,val_loss,val_acc
3.7205659067476384,0.27746321424540904,3.712386097054482,0.27951132724478434
