fold,avg_len,test_loss,test_acc,val_loss,val_acc,best_epoch
0,3.6661916940345596,0.287108523577579,3.7183147443453257,0.2720572596444958,6
1,3.799040109018011,0.26455338614625756,3.6561885364623867,0.2867272386781141,8
2,3.7058510016100303,0.27105166221297056,3.7960772265502087,0.2635707514580256,7
3,3.730293789330196,0.2713384840263719,3.7067506979311613,0.2732722374784527,4
