fold,avg_len,test_loss,test_acc,val_loss,val_acc,best_epoch
0,3.90209914312529,0.27983823425415444,3.998522831157285,0.25437666515978863,7
1,3.7679078462912554,0.27321394170871705,3.9160880835874483,0.26941147206183214,4
2,3.7143181648301877,0.2611145910857849,3.8038818359375,0.2732924641651799,11
3,3.913950539225792,0.25749773537680154,3.6595308214290534,0.2619598220899273,6
