test_loss,test_acc,val_loss,val_acc
3.833328337099747,0.26512402741666313,3.8444711802427087,0.2658572315413916
