fold,avg_len,test_loss,test_acc,val_loss,val_acc,best_epoch
0,3.935244425377351,0.27261659398165283,4.01044578868973,0.2562480365860703,6
1,3.716529511680168,0.27476934448394486,3.904985932181954,0.2707315665597197,5
2,3.729552719431184,0.2625886891011786,3.8128102121244365,0.2757286753038036,5
3,3.9409727151302074,0.255048272221871,3.6860494738497462,0.2582449938137106,3
