test_loss,test_acc,val_loss,val_acc
3.8245689233681315,0.26791612560636446,3.8445058930278218,0.26476010586918197
