fold,avg_len,test_loss,test_acc,val_loss,val_acc,best_epoch
0,3.9841050061324412,0.25526624033664574,4.018912095685907,0.2506192923634028,2
1,3.6808988210366254,0.27636300251737744,3.887573720307448,0.27180806650752515,3
2,3.713675223855481,0.2710275586022815,3.8062663081934245,0.27065293726585665,5
3,3.9546342973744397,0.2578393082103478,3.6651325967840567,0.27034863002878184,3
