test_loss,test_acc,val_loss,val_acc
3.8305748429047277,0.2662557249471618,3.8535728517114665,0.2652383180658261
