fold,avg_len,test_loss,test_acc,val_loss,val_acc,best_epoch
0,3.970379162084181,0.2630331700785114,4.023891032104532,0.2496178369190294,5
1,3.7227481780396667,0.27768262776585134,3.8956122097305137,0.2734367509631494,2
2,3.707063533267962,0.26960026782085306,3.807872826971482,0.27912292028334657,4
3,3.933638810415396,0.2495230427336218,3.656265420541743,0.2581007581786319,6
