test_loss,test_acc,val_loss,val_acc
3.8334574209518015,0.2649597770997094,3.845910372337068,0.2650695665860393
