fold,avg_len,test_loss,test_acc,val_loss,val_acc,best_epoch
0,3.9653680745540005,0.26227031092055664,4.03441020747556,0.250738791007086,4
1,3.7478485328616298,0.2764186223763477,3.9193525633314144,0.2665025434383415,1
2,3.7311111443303626,0.2684713167461075,3.8014769059170335,0.2747866089806357,3
3,3.9594082306615856,0.2494326099959259,3.703450878970247,0.25355464108500175,4
