test_loss,test_acc,val_loss,val_acc
3.860256110964179,0.2642618456889367,3.8746764212115568,0.26672682683721494
