test_loss,test_acc,val_loss,val_acc
3.8509339956018946,0.2641482150097344,3.8646726389235635,0.2613956461277663
