fold,avg_len,test_loss,test_acc,val_loss,val_acc,best_epoch
0,4.010320494549537,0.2587581218129878,4.077964353785735,0.2505495043270807,1
1,3.7291787415856192,0.28470385064416964,3.912534517436917,0.2741411911700546,4
2,3.732476758468061,0.2617823279582722,3.819733685323041,0.2741444761648831,2
3,3.9690484492534983,0.251803082340317,3.688473128300535,0.2680721356868414,3
