test_loss,test_acc,val_loss,val_acc
3.723038557924723,0.27665750220508795,3.720082873479194,0.278000754574575
