test_loss,test_acc,val_loss,val_acc
3.725860431331019,0.2719202225151858,3.725602130670115,0.27357754375629795
