test_loss,test_acc,val_loss,val_acc
3.823131549480456,0.2697339255268184,3.8397799343840133,0.2699678485207915
