test_loss,test_acc,val_loss,val_acc
3.8322933884550485,0.265610760307881,3.847292469945107,0.2652786288068578
