test_loss,test_acc,val_loss,val_acc
3.8510880162053187,0.2665249162500319,3.8592168263845066,0.2662330486891496
