fold,avg_len,test_loss,test_acc,val_loss,val_acc,best_epoch
0,3.941487676676453,0.27129057652721544,4.001886506033367,0.25313676516561556,4
1,3.7232817082350698,0.28040953585630135,3.9015565396638014,0.2775061071963151,4
2,3.6992067269941105,0.26899112044931284,3.8017911780469773,0.27618109486402215,6
3,3.928550086016192,0.2582444692744441,3.653885513791907,0.27304742685721306,3
