fold,avg_len,test_loss,test_acc,val_loss,val_acc,best_epoch
0,3.651395512921896,0.2883621763511141,3.698936709853518,0.27846166850466497,7
1,3.7705934160161894,0.2639800268060746,3.642329241403293,0.289385613520989,5
2,3.6988520080741503,0.2784009296316553,3.780386071017654,0.2742049915032428,5
3,3.7052768756624705,0.27819927086535173,3.7007869822534922,0.2744590193499936,3
