test_loss,test_acc,val_loss,val_acc
3.729083854094601,0.2739754147775981,3.7260561714934166,0.2707516862783471
