test_loss,test_acc,val_loss,val_acc
3.7065294531686765,0.27723560091354893,3.705609751131989,0.27912782321972257
