fold,avg_len,test_loss,test_acc,val_loss,val_acc,best_epoch
0,3.6828697379319935,0.28251209932382965,3.7274563066677575,0.27047434585776053,7
1,3.7937235945940904,0.26573379715355083,3.669443389914945,0.2822961329790672,4
2,3.7003403723438875,0.2768177308343281,3.8100988665385813,0.25695844775405197,5
3,3.7394017115084313,0.27083803179868404,3.6972261228523826,0.2732778185225088,5
