fold,avg_len,test_loss,test_acc,val_loss,val_acc,best_epoch
0,3.995666950955495,0.2506618644162064,4.042716070365952,0.24960140759646943,2
1,3.7251290687590046,0.2771695990979445,3.9038980629620195,0.26456131754121404,2
2,3.7308042979991827,0.26261548128595963,3.8093537800212323,0.27170558678333295,3
3,3.9839042836869596,0.25560036339352743,3.68590069390072,0.2663735373822938,3
