fold,avg_len,test_loss,test_acc,val_loss,val_acc,best_epoch
0,3.99783742013875,0.2534973411551753,4.024571238209245,0.246797099398891,3
1,3.701996883058729,0.2769695080051857,3.895879116904636,0.2675204259533224,2
2,3.7145407589330626,0.26194368489978614,3.8340647695635663,0.2682956975789125,3
3,3.9602443982640794,0.2527719860962312,3.668915858793116,0.26839205573056596,3
