test_loss,test_acc,val_loss,val_acc
3.8588761503501607,0.2615118270484095,3.8604671518124807,0.2630604623258275
