fold,avg_len,test_loss,test_acc,val_loss,val_acc,best_epoch
0,3.94615976939887,0.2650459753890346,4.0253989952579765,0.24836209439831425,3
1,3.709238414800666,0.2808930643044497,3.8960877091519017,0.2730512747308606,3
2,3.6920496457312617,0.27124514968697816,3.807901247735259,0.2730430714644407,3
3,3.943995991802487,0.2518309569026648,3.659155579957655,0.2690347885779671,2
