test_loss,test_acc,val_loss,val_acc
3.822860955433321,0.26725378657078186,3.847135883025698,0.2658728072928957
