test_loss,test_acc,val_loss,val_acc
3.8436548650986553,0.2612956300390946,3.855857745867641,0.262751319665423
