test_loss,test_acc,val_loss,val_acc
3.7098909925043317,0.2767912823424544,3.7007163215376946,0.2783963320306432
