test_loss,test_acc,val_loss,val_acc
3.741011077018424,0.27351294771217255,3.729772749146258,0.273990903116786
