fold,avg_len,test_loss,test_acc,val_loss,val_acc,best_epoch
0,3.6914662355846515,0.28632784009328277,3.7330490073850853,0.27182610528770895,6
1,3.8192189757184596,0.2640107921112146,3.6717759272536483,0.28680506211778795,8
2,3.7229043190060183,0.2725415440157416,3.8087423018524826,0.2649050092532404,5
3,3.7304547777645682,0.2711716146284512,3.705523760093815,0.2724274358084066,6
