fold,avg_len,test_loss,test_acc,val_loss,val_acc,best_epoch
0,3.647945482009823,0.2877753164123069,3.695247718176224,0.27820589531278617,12
1,3.7953100572511214,0.2654558754715166,3.6522072717821956,0.2877986665025229,4
2,3.700656408497809,0.27747409334338624,3.7824031999843473,0.2694824804413635,8
3,3.695652022258575,0.276459844142608,3.67300709620801,0.2780982858659001,6
