fold,avg_len,test_loss,test_acc,val_loss,val_acc,best_epoch
0,3.938898456198179,0.2689404772764549,4.006427163191242,0.25993157078119566,5
1,3.706394473137511,0.278815595663999,3.874126940762076,0.28036842760046254,5
2,3.6949580848611676,0.26352078536454815,3.79175644356035,0.27332548062837625,5
3,3.924076228111903,0.25559301243128163,3.6469349622491496,0.2680975846278891,5
