test_loss,test_acc,val_loss,val_acc
3.8541403508405145,0.26409025347940607,3.864399972307427,0.26401922480329937
