fold,avg_len,test_loss,test_acc,val_loss,val_acc,best_epoch
0,3.9521615361067233,0.25619925399640786,4.0073716441454055,0.2503037309186413,2
1,3.7018161521665043,0.2754765115196714,3.8895233855054725,0.2608612670921995,3
2,3.7505707188088513,0.2680638254914024,3.822244992636909,0.27615102632644056,1
3,3.9690194172239126,0.2442106460047843,3.6850033301757112,0.2650982516657883,3
