test_loss,test_acc,val_loss,val_acc
3.8433919560764975,0.2609875592530665,3.8510358381158745,0.2631035690007674
