fold,avg_len,test_loss,test_acc,val_loss,val_acc,best_epoch
0,3.9957990994725416,0.2568967650748706,4.047753264510907,0.2506303077211633,3
1,3.7542964075908007,0.27341189517041126,3.9167036068672543,0.2662988783089882,7
2,3.7213999815110674,0.2685358081571793,3.811040105021952,0.2756724243721581,8
3,3.9450659147876483,0.2575165455151631,3.6821029128295955,0.26347528881088794,3
