test_loss,test_acc,val_loss,val_acc
3.81608181057719,0.2667174676840709,3.8298113774407048,0.2704307659094809
