fold,avg_len,test_loss,test_acc,val_loss,val_acc,best_epoch
0,3.6502359149905996,0.2858293152411681,3.7145084039590306,0.27516858712194675,6
1,3.79404897505704,0.2700861435678039,3.6554256483774257,0.28767865663348435,11
2,3.7142879785575125,0.2762533153934352,3.8132622898592583,0.26817568085877536,5
3,3.7156580505693904,0.2785376238393648,3.7169498409789914,0.2762305403883433,7
