test_loss,test_acc,val_loss,val_acc
3.7185577297936354,0.27767659951044305,3.7250365457936763,0.27681336625063746
