test_loss,test_acc,val_loss,val_acc
3.7289350441798064,0.2754685264839484,3.7305823881295703,0.27458972581949814
