test_loss,test_acc,val_loss,val_acc
3.840950786674802,0.2659192100594126,3.8561752664006197,0.26696104773809703
