fold,avg_len,test_loss,test_acc,val_loss,val_acc,best_epoch
0,3.9748939692810787,0.2628746135918081,4.018278292423933,0.2544982000831571,4
1,3.747154781211012,0.27613611094398643,3.916854655215194,0.2644103090194231,1
2,3.729540598692761,0.271939574433542,3.8243192756130666,0.27587171408840006,2
3,3.9611233295995247,0.2573928409378914,3.6689787454102074,0.26784042186310286,5
