test_loss,test_acc,val_loss,val_acc
3.8371532160894497,0.2643866533358995,3.8489498679507026,0.2624001868935894
