fold,avg_len,test_loss,test_acc,val_loss,val_acc,best_epoch
0,3.9613802938474425,0.25626545981735227,4.015529491264885,0.24773554332647305,3
1,3.7313791028447025,0.2781800488555386,3.89797531673937,0.27000110933141436,3
2,3.7192323498649804,0.2674867548932756,3.8104043407585233,0.27122898560739744,3
3,3.9366211178006743,0.2556143497774316,3.6718903230400315,0.26063510930907285,4
