test_loss,test_acc,val_loss,val_acc
3.8531781696960943,0.26708578497680696,3.8571077421656,0.2656551612635208
