fold,avg_len,test_loss,test_acc,val_loss,val_acc,best_epoch
0,3.9643604526420697,0.2594045342470932,4.043962680023521,0.2437627030449283,4
1,3.737824236213481,0.275227791716844,3.9138023621897386,0.25918977445108843,7
2,3.775994842622879,0.25706414883649464,3.8576178732027118,0.2654782965269379,1
3,3.969194065325918,0.25478018659046126,3.6858043476846203,0.2658300976649942,3
