test_loss,test_acc,val_loss,val_acc
3.81051181362497,0.26941454990485675,3.827705532681257,0.27039524122870784
