test_loss,test_acc,val_loss,val_acc
3.8618433992010868,0.2616191653477233,3.8752968157751475,0.2585652179219872
