test_loss,test_acc,val_loss,val_acc
3.8451559470817815,0.2656171382103998,3.870725651653244,0.26472302995366725
