fold,avg_len,test_loss,test_acc,val_loss,val_acc,best_epoch
0,3.9465604351181747,0.2654053087365318,4.025884420924892,0.2584082880780171,5
1,3.75750172818115,0.27854340318944515,3.933351535457091,0.2606574096980936,2
2,3.712086857308071,0.26680820356339785,3.809518903471218,0.27898956700422917,4
3,3.9644747677197305,0.25171163735222435,3.714147746759775,0.2608368550343292,1
