test_loss,test_acc,val_loss,val_acc
3.7230677040808704,0.2756645039340052,3.7182744583277882,0.27555627634282553
