test_loss,test_acc,val_loss,val_acc
3.726495351390902,0.27262876346180775,3.7251002112983196,0.2729047281152065
