fold,avg_len,test_loss,test_acc,val_loss,val_acc,best_epoch
0,3.6794901755262175,0.2829343415003701,3.7319889993344657,0.2720424426728112,7
1,3.7879289507320673,0.2672795310490423,3.664469462600444,0.28612211772359397,7
2,3.7060442167291683,0.27127958681923386,3.7979590935053094,0.2646648499509849,8
3,3.7325180625761547,0.2690215944785847,3.7059832897530582,0.2687895021134359,6
