test_loss,test_acc,val_loss,val_acc
3.8418551377490413,0.26575254083809896,3.8457449513673794,0.26531249071203267
