test_loss,test_acc,val_loss,val_acc
3.83600247670571,0.26739902398999327,3.8351098711481377,0.2713959254862337
