fold,avg_len,test_loss,test_acc,val_loss,val_acc,best_epoch
0,3.969525802505378,0.2592162546567301,4.014217336781177,0.2553195384854526,2
1,3.7379419555228925,0.2821414567671801,3.9032733858428994,0.2773742598810175,1
2,3.7126600559578478,0.2704660051160772,3.782948851313428,0.2796624115098112,3
3,3.923882092836722,0.2577723794199857,3.6399999106550456,0.2732274920686536,4
