fold,avg_len,test_loss,test_acc,val_loss,val_acc,best_epoch
0,3.9441813618055925,0.2632533896780445,4.000156236909212,0.2552805940880046,6
1,3.7178558362300858,0.283956842912014,3.891162165337734,0.2750128752629919,5
2,3.706654895455165,0.27221008563034266,3.793336940446281,0.27859472987089773,4
3,3.9145712092005356,0.25420221521216557,3.679951053683553,0.2637042275357044,3
