test_loss,test_acc,val_loss,val_acc
3.8208158256728444,0.2684056333581417,3.8411515990941947,0.26814810668939965
