fold,avg_len,test_loss,test_acc,val_loss,val_acc,best_epoch
0,3.9687975081568907,0.26507058909690917,4.017559455704032,0.25163474546571096,3
1,3.7150500837840963,0.27765346247660344,3.8777791777877586,0.2704480424097173,3
2,3.7124874189537516,0.2694157305716223,3.812100044221479,0.2720010067460202,2
3,3.971085540101428,0.250870381207261,3.6755411277562464,0.26716616822668227,1
