test_loss,test_acc,val_loss,val_acc
3.8329209184907196,0.26589548029060006,3.843104739198104,0.26682674547390367
