fold,avg_len,test_loss,test_acc,val_loss,val_acc,best_epoch
0,3.9829740582047086,0.25309897286007904,4.043108314065706,0.24952960156158802,2
1,3.7450192010901273,0.2789227940737068,3.930327138070431,0.25880729103065325,3
2,3.7499519976549345,0.2656559492627786,3.8146179364208033,0.27451390736229975,1
3,3.946569501882612,0.25254291381155536,3.668300057365145,0.2652214056548865,2
