test_loss,test_acc,val_loss,val_acc
3.844320528158117,0.2650944400547174,3.845042559766642,0.26486404577476386
