test_loss,test_acc,val_loss,val_acc
3.8561286897080955,0.26255515750202996,3.864088361480521,0.2620180514023569
