fold,avg_len,test_loss,test_acc,val_loss,val_acc,best_epoch
0,3.9568790949178814,0.2638078122681177,4.026844373926769,0.2516439900031917,3
1,3.707277051396243,0.2771947493684609,3.8757897085543065,0.272751744450799,7
2,3.748557987140261,0.2640913346052281,3.817854176909298,0.27708739850230996,3
3,3.9189695405084914,0.2584880249205937,3.651930697402043,0.26582384893931416,10
