test_loss,test_acc,val_loss,val_acc
3.704333490996709,0.27875480043690193,3.7061825954150844,0.2774499496073661
