fold,avg_len,test_loss,test_acc,val_loss,val_acc,best_epoch
0,3.6757571570617356,0.28597617812381454,3.7225039275226277,0.2726938134310081,9
1,3.7902353602013745,0.25409495905885576,3.652910027211887,0.27958157138945056,12
2,3.714435467676423,0.2743533456253381,3.798953605452146,0.2656441341147458,12
3,3.7150636131884065,0.2734656296747234,3.6995687795531897,0.27490753108393995,13
