test_loss,test_acc,val_loss,val_acc
3.723872899531985,0.27197252812068295,3.7184840849349623,0.2732067625047861
