fold,avg_len,test_loss,test_acc,val_loss,val_acc,best_epoch
0,3.641570463868102,0.2892784872457804,3.6959003904474277,0.2788258545705504,7
1,3.7753035390138123,0.26983881491625183,3.635017437262942,0.2853199577265362,8
2,3.694806672642452,0.2764538927910446,3.787678707559288,0.27054906406932,6
3,3.7056532884624698,0.2794480067945309,3.706133846390682,0.2751049220630577,5
