test_loss,test_acc,val_loss,val_acc
3.829064377778575,0.26484624635621146,3.850579726869294,0.26171900212177096
