fold,avg_len,test_loss,test_acc,val_loss,val_acc,best_epoch
0,3.935620986630418,0.27141455933132985,3.999984123487051,0.2607182524810841,2
1,3.7212637065481324,0.28220526397001605,3.8867303078344517,0.27462435180669487,3
2,3.694526352163622,0.27328756498595524,3.7954653197821555,0.275550743631537,5
3,3.931510255245299,0.25191995574227116,3.658379806344581,0.26510054362992264,7
