fold,avg_len,test_loss,test_acc,val_loss,val_acc,best_epoch
0,3.953592971568231,0.27114744977681604,4.022416296313287,0.2524195735719282,7
1,3.7518360495114056,0.27406364741660794,3.9129994864378856,0.26498544431259735,7
2,3.7388290085716784,0.26642248387614376,3.8271386253516484,0.27359064687114254,3
3,3.9248382766464434,0.25219205634424874,3.658950124986294,0.25479248160262213,9
