fold,avg_len,test_loss,test_acc,val_loss,val_acc,best_epoch
0,3.932366631567,0.2618077817681794,4.0218092293117484,0.24885630126019578,4
1,3.716615174659758,0.27952062107990905,3.8887639851626465,0.2708297733121832,2
2,3.70991178786625,0.2733767907042174,3.8032910569992358,0.279143651685334,7
3,3.9573639170212913,0.24467979187254,3.6884546360035455,0.24804628222937067,3
