test_loss,test_acc,val_loss,val_acc
3.820730325146868,0.26970683600739304,3.8351398893620594,0.2689984728873096
