test_loss,test_acc,val_loss,val_acc
3.84227407657444,0.2659564093534541,3.8553761332722787,0.2614470365895726
