fold,avg_len,test_loss,test_acc,val_loss,val_acc,best_epoch
0,3.660289991540961,0.2884161025177762,3.7109481636418953,0.2785551798574457,4
1,3.789087362364123,0.2744357264594387,3.6532033323156026,0.2851690390848191,4
2,3.6948377593156656,0.2774230259173613,3.7951788473117105,0.2663019450803229,4
3,3.714944968556348,0.27695066291039605,3.7004684441268996,0.2779488287352103,4
