test_loss,test_acc,val_loss,val_acc
3.7281404342487194,0.2667403060138464,3.7293278522616964,0.26987402580848807
