fold,avg_len,test_loss,test_acc,val_loss,val_acc,best_epoch
0,3.671694064898942,0.2809397179667932,3.7272080913387358,0.26917385819124395,4
1,3.807138326566197,0.2529695768499347,3.6683668441334922,0.28239233229201144,4
2,3.7030491388071365,0.26521329450882214,3.8082465892606265,0.25499046344440285,3
3,3.730680206722604,0.26783863472983566,3.713489884313932,0.27293944930629394,3
