test_loss,test_acc,val_loss,val_acc
3.7147900204442745,0.27930637945124304,3.7149496968490268,0.27699374818944955
