fold,avg_len,test_loss,test_acc,val_loss,val_acc,best_epoch
0,3.6398404437509466,0.29031509240621156,3.694977308671437,0.27933749072302577,11
1,3.758908889198337,0.27296523310220244,3.6390836965286257,0.2884908254092215,8
2,3.689818194576966,0.27765265042362497,3.7813617079988484,0.27158413408988663,9
3,3.7032661442112755,0.2778235031681063,3.695528368293682,0.280349758830171,6
