fold,avg_len,test_loss,test_acc,val_loss,val_acc,best_epoch
0,3.661386398773278,0.2834091050844701,3.7147973092077637,0.2725237051938351,12
1,3.81438986869877,0.26185281899437624,3.669989678274887,0.2871787056032993,4
2,3.745847142997761,0.2693870057155915,3.8089181711959084,0.2577097943348483,3
3,3.725159896962112,0.273395359009607,3.710939697395139,0.2770176270223302,6
