test_loss,test_acc,val_loss,val_acc
3.73669582685798,0.2720110722010112,3.726161214018424,0.2736074580385782
