test_loss,test_acc,val_loss,val_acc
3.697958417934381,0.2796891197750363,3.7027377703731483,0.27994055226307624
