test_loss,test_acc,val_loss,val_acc
3.8396896021786002,0.26544455540229417,3.850210266039089,0.26371429927184187
