fold,avg_len,test_loss,test_acc,val_loss,val_acc,best_epoch
0,3.9302769370897366,0.27194615003757117,4.000689912760517,0.2583495347482158,6
1,3.7031495063477142,0.2802920300357695,3.9009890564493284,0.2723728520215986,2
2,3.700837214495152,0.2699263156879295,3.7959756949102017,0.2717112079772659,6
3,3.935490570770266,0.25444770386785753,3.6553240524993558,0.270255449116297,8
