test_loss,test_acc,val_loss,val_acc
3.8497051566948493,0.26553663004642364,3.8577384982095007,0.2668032053406645
