test_loss,test_acc,val_loss,val_acc
3.8174385571757172,0.26915304990728195,3.838244679154851,0.26817226096584434
