fold,avg_len,test_loss,test_acc,val_loss,val_acc,best_epoch
0,3.9509739861783264,0.2705075354218644,4.032888940204517,0.25520564881180335,4
1,3.7482102579037044,0.2766135678318517,3.8930917868761923,0.27844789612945425,3
2,3.7359222171155877,0.26919013435581385,3.830364793516384,0.2716839405463676,3
3,3.9637141655817785,0.2458352825761646,3.6746084722409083,0.2618753358750328,6
