test_loss,test_acc,val_loss,val_acc
3.862897461500987,0.26522780328512446,3.8682799478747807,0.26412204136115913
