fold,avg_len,test_loss,test_acc,val_loss,val_acc,best_epoch
0,3.9444374014161596,0.2708375957440226,4.017653380334627,0.25888695137675266,6
1,3.745171876733294,0.27842851919139744,3.908883285373492,0.2790199600609671,4
2,3.69669749611771,0.26923485293247895,3.8171037202552243,0.2712227072382608,7
3,3.93556991356681,0.2520988490445316,3.653940711853949,0.26070086856750074,5
