test_loss,test_acc,val_loss,val_acc
3.8304691719584936,0.26764995422810767,3.8493952744543227,0.2674576218108703
