test_loss,test_acc,val_loss,val_acc
3.844949970570068,0.26948463982025694,3.8532165217624907,0.26488928445009946
