test_loss,test_acc,val_loss,val_acc
3.8143189836604767,0.270062095742558,3.8355719121388656,0.27147425319112856
