fold,avg_len,test_loss,test_acc,val_loss,val_acc,best_epoch
0,3.946100855370812,0.26637334240655863,4.015580215873862,0.25283516640288695,2
1,3.7262034006445126,0.2843620155360762,3.912419439545894,0.26853103240326087,5
2,3.69269566224917,0.27144734310913804,3.7918801924121697,0.27323402736350155,8
3,3.9275218321320016,0.2512630905045022,3.658442631241502,0.2569935057032288,4
