test_loss,test_acc,val_loss,val_acc
3.846884068285967,0.26671167459407996,3.857406550348991,0.2651067736037993
