fold,avg_len,test_loss,test_acc,val_loss,val_acc,best_epoch
0,3.965574131813795,0.2647092710761242,4.033110656816665,0.25420120397841833,3
1,3.749336550353598,0.2792202493310428,3.908519046869944,0.2739132602773329,4
2,3.743381387450468,0.2637583860576234,3.8253108465172945,0.2673574013741751,4
3,3.929244203526008,0.2591587919115295,3.6626856511920622,0.2649552287852709,6
