fold,avg_len,test_loss,test_acc,val_loss,val_acc,best_epoch
0,3.9142089938475446,0.2753965856905914,4.020864202331734,0.255455034942863,2
1,3.6960724741787057,0.28188735509553337,3.862186981799555,0.27689270023608686,3
2,3.6967199301094387,0.27029997428829133,3.794450730153363,0.27924129772548895,7
3,3.950274536506217,0.2526644678958159,3.664785734270811,0.27430797986007543,2
