test_loss,test_acc,val_loss,val_acc
3.823130437599124,0.26836144788906874,3.844580619768357,0.2628984329682195
