fold,avg_len,test_loss,test_acc,val_loss,val_acc,best_epoch
0,3.982477855811243,0.2593233222245428,4.02276181493702,0.2536289838356937,4
1,3.7015708165476986,0.2830570724187242,3.8929674071935056,0.27495134496581547,4
2,3.7158597955449335,0.27303119290110595,3.797249876500989,0.28074179025430646,4
3,3.9364620206310694,0.25731430073667083,3.670184815447045,0.2682002124113201,2
