test_loss,test_acc,val_loss,val_acc
3.834092622133736,0.268181472070261,3.8457909785196396,0.2693805828667839
