test_loss,test_acc,val_loss,val_acc
3.8435692277768143,0.26600021765709825,3.850771538816688,0.2636261947298687
