fold,avg_len,test_loss,test_acc,val_loss,val_acc,best_epoch
0,3.9597994296752304,0.2565658744042876,4.026763157245405,0.2498523818972626,2
1,3.732780719619287,0.2794422707176934,3.9156564670351965,0.26798168354930424,1
2,3.729918271816859,0.255998914674644,3.8157046501174174,0.27135134947843875,4
3,3.9753659109832795,0.25253273320117814,3.66954472163772,0.2748470056758304,1
