test_loss,test_acc,val_loss,val_acc
3.849466083023664,0.26113494824945077,3.856917249008935,0.266008105150209
