fold,avg_len,test_loss,test_acc,val_loss,val_acc,best_epoch
0,3.9622128589090955,0.2617930063414331,4.043893422061988,0.2548200428693135,3
1,3.7556883090349205,0.27034504022661726,3.9067702644360156,0.26615751102876517,3
2,3.7453526592975135,0.2586226983136364,3.826008863956756,0.2761772343074414,3
3,3.9595719078070064,0.24721561569264622,3.6892640769183855,0.25123802583939725,7
