test_loss,test_acc,val_loss,val_acc
3.855706433762134,0.2594940901435832,3.8664841568432866,0.26209820351122937
