fold,avg_len,test_loss,test_acc,val_loss,val_acc,best_epoch
0,3.94076677180536,0.2748556993542885,4.007747939536639,0.261036577080278,1
1,3.7201201651032885,0.28629338564528256,3.9146561357726517,0.2706753988735096,4
2,3.6906520278428725,0.2694522805941265,3.7939097694571027,0.27648193948395805,4
3,3.924029315939123,0.25372448265314224,3.6526730006622734,0.2663940001206533,3
