test_loss,test_acc,val_loss,val_acc
3.818892070172661,0.27108146206170997,3.8422467113571668,0.26864697888959976
