test_loss,test_acc,val_loss,val_acc
3.842864831350048,0.266225188181645,3.855393395896064,0.2657225910490693
