fold,avg_len,test_loss,test_acc,val_loss,val_acc,best_epoch
0,3.9361225305571224,0.26168629133092297,4.00419325664248,0.25110519614819427,2
1,3.7230361240444982,0.2819189430642944,3.91081843165061,0.2675317471345086,2
2,3.727828921539363,0.2651916491146118,3.8129253097360123,0.2737661444982195,1
3,3.984471749259209,0.2561038692167507,3.6936365855551525,0.27048727641535475,3
