test_loss,test_acc,val_loss,val_acc
3.816068061555879,0.26942763807238757,3.833511145289727,0.2718981773365203
