fold,avg_len,test_loss,test_acc,val_loss,val_acc,best_epoch
0,3.9531168608118477,0.264277359244311,4.0256096250448685,0.25481191528549063,2
1,3.697492429784042,0.28185102753766134,3.8720964992264935,0.28111449733599847,6
2,3.6823488174750945,0.2740292117547571,3.776502254797932,0.28041673188200467,9
3,3.9313141381525325,0.2575529537528206,3.659836202089613,0.2712495648425873,4
