fold,avg_len,test_loss,test_acc,val_loss,val_acc,best_epoch
0,3.95304307450162,0.2718018243232972,4.026621582575609,0.2531252235150903,2
1,3.730764296027644,0.27435731131994223,3.8868275488188333,0.268113275484159,3
2,3.7700434150021143,0.2702904588302187,3.8407076592681073,0.27221693171067834,1
3,3.938187211528602,0.24775731958700903,3.6821652538369203,0.24808480159168766,3
