fold,avg_len,test_loss,test_acc,val_loss,val_acc,best_epoch
0,4.017287278842463,0.2521665079575658,4.063813051897323,0.2525214768212848,1
1,3.741422079543197,0.2795599591709362,3.907603799552677,0.2718673587719557,4
2,3.7660509078121756,0.2622997211766557,3.830332548989996,0.2712605407142821,3
3,4.015968642743853,0.2538575398865883,3.739603683896293,0.2646369290474904,1
