test_loss,test_acc,val_loss,val_acc
3.848009499264995,0.26605172851511677,3.8590805111248674,0.26038505807540385
