test_loss,test_acc,val_loss,val_acc
3.885182227235422,0.26197093204793653,3.885338271084072,0.2650715763387532
