fold,avg_len,test_loss,test_acc,val_loss,val_acc,best_epoch
0,3.670798193087507,0.28754067105682973,3.705327607281096,0.2799861276630251,2
1,3.7831977160718333,0.2706104842343918,3.6428423422677985,0.29077696801098113,4
2,3.7331326047200095,0.276468112296509,3.8044026392713617,0.27111726131942415,3
3,3.7141849085831873,0.276665975177699,3.685710028145015,0.2773601790510381,5
