test_loss,test_acc,val_loss,val_acc
3.7253283556156345,0.2778213106913574,3.709570654241318,0.2798101340111171
