fold,avg_len,test_loss,test_acc,val_loss,val_acc,best_epoch
0,3.670698231608651,0.2853411009966196,3.7224617332668184,0.27382687317597587,5
1,3.789160458492104,0.2561289545195339,3.6639500029176264,0.27759129714747094,10
2,3.7159981525752244,0.27499053516000244,3.8017573976789105,0.2646310131398621,7
3,3.7273879186216234,0.27271681350724875,3.698020896918637,0.27702859658630713,4
