test_loss,test_acc,val_loss,val_acc
3.725811190324401,0.2722943510458512,3.721547507695498,0.273269445012404
