test_loss,test_acc,val_loss,val_acc
3.7207509559588146,0.2749004970723262,3.7232341701108864,0.2742033098027422
