fold,avg_len,test_loss,test_acc,val_loss,val_acc,best_epoch
0,3.650094748720334,0.286179185217551,3.7174783216375227,0.27393423697102837,3
1,3.793925170863992,0.2666938690799165,3.655276964756486,0.2838824411823188,5
2,3.7128435026659723,0.2749385565910811,3.8067764197900433,0.26554711314591617,3
3,3.72614040158496,0.2717903774007565,3.713404974259493,0.27344944791170567,2
