test_loss,test_acc,val_loss,val_acc
3.72886168757504,0.27261068493504037,3.7335063752550526,0.2701902380558493
