fold,avg_len,test_loss,test_acc,val_loss,val_acc,best_epoch
0,3.67345176699525,0.2827644016855023,3.7203588365420655,0.2698433997115789,8
1,3.7927139232729776,0.26633570242823873,3.6710271776236185,0.283452131387834,5
2,3.696214892865516,0.2705472557586617,3.8009931098641907,0.25431865471621495,4
3,3.7530661671664185,0.2707953798677588,3.7416463769903356,0.27314676640776925,2
