fold,avg_len,test_loss,test_acc,val_loss,val_acc,best_epoch
0,3.930867377711154,0.2761298824835679,4.029646552952158,0.24968675352130215,7
1,3.7216423426290883,0.28018741211057163,3.890965766668388,0.2691922455170022,6
2,3.726136185211436,0.2663564792693227,3.805331957929488,0.27038235803747357,7
3,3.936694663364145,0.2506791459817349,3.675410752358852,0.25114529392631185,4
