fold,avg_len,test_loss,test_acc,val_loss,val_acc,best_epoch
0,3.9273369848190973,0.2736305040513379,4.0138331657251625,0.253093228697298,2
1,3.71388584506829,0.28046304600547023,3.885169375920094,0.2716269698696674,3
2,3.715181048553687,0.2798355282483407,3.831516488695326,0.28162551725092044,3
3,3.9261729375212626,0.2563063558356277,3.6538791698948914,0.2688807619657123,2
