test_loss,test_acc,val_loss,val_acc
3.820644203990584,0.2725588585351941,3.8460995500588684,0.26880661944589956
