test_loss,test_acc,val_loss,val_acc
3.8353579341363724,0.26753538291921053,3.8553237740173962,0.2669514257422346
