test_loss,test_acc,val_loss,val_acc
3.828835142228956,0.2683382299612993,3.8503387574772217,0.26010166275052243
