fold,avg_len,test_loss,test_acc,val_loss,val_acc,best_epoch
0,3.657910689358948,0.28126733419808364,3.70419882244592,0.27603979764498243,6
1,3.7972788336120553,0.27192676552211154,3.6517662431571454,0.29150154145343127,6
2,3.7218501602613525,0.27661433331433566,3.7972235229868394,0.26928795905036745,3
3,3.731324103765779,0.2748954515194596,3.724974926581567,0.27489888773163096,3
