fold,avg_len,test_loss,test_acc,val_loss,val_acc,best_epoch
0,3.678776988595267,0.28624290680110626,3.719856702566666,0.2712481959889298,8
1,3.8035082104765685,0.25279326706652605,3.666864614368673,0.28732461086712674,6
2,3.717768389307842,0.27685561235101047,3.8056515581023787,0.2681231008126275,8
3,3.728752146081084,0.2703651579742893,3.7202207435617947,0.27451551535467006,6
