test_loss,test_acc,val_loss,val_acc
3.7322014336151907,0.271564236048233,3.728148404649878,0.2753028557558385
