test_loss,test_acc,val_loss,val_acc
3.7270909467495335,0.27617597113849757,3.719540878792868,0.277932046470103
