fold,avg_len,test_loss,test_acc,val_loss,val_acc,best_epoch
0,4.000786755200059,0.25270573625274856,4.032249843001129,0.2467553571939207,2
1,3.701296549060952,0.27884877529207747,3.8928058963420615,0.27448713661293894,4
2,3.7219577687695473,0.268346532888437,3.804252665487079,0.2723024101311716,3
3,3.928718538609009,0.2545089538746508,3.6605736586306596,0.2613525827046143,9
