test_loss,test_acc,val_loss,val_acc
3.829574556223175,0.2626574607587906,3.8436453576191862,0.2640372303329158
