test_loss,test_acc,val_loss,val_acc
3.8381899029098916,0.26360249957697846,3.847470515865232,0.26372437166066137
