fold,avg_len,test_loss,test_acc,val_loss,val_acc,best_epoch
0,3.977854319536117,0.26320131576605255,4.0151912870998885,0.2560963807615956,2
1,3.6983103612529913,0.28271464360984105,3.874915136795041,0.28116871110631547,4
2,3.704425475055898,0.2711137187495765,3.7919278286255813,0.2783322454178741,6
3,3.925053065371615,0.2597894164308201,3.668565481684258,0.2702161702504781,4
