test_loss,test_acc,val_loss,val_acc
3.826410805304155,0.2692047736390725,3.837649933551192,0.27145337688406584
