test_loss,test_acc,val_loss,val_acc
3.733484928989408,0.270448184898983,3.730423090911781,0.27195014707979503
