fold,avg_len,test_loss,test_acc,val_loss,val_acc,best_epoch
0,3.675207095014701,0.28437251530539154,3.7209130292951547,0.2726350815177732,7
1,3.8108061647404865,0.2541429364184919,3.6811532435716003,0.277399905998276,3
2,3.693491927789471,0.2751561551204061,3.792990313054039,0.2657696814128288,10
3,3.7544345284129723,0.26812113275164245,3.726635777726329,0.27199591939030215,3
