test_loss,test_acc,val_loss,val_acc
3.714136900177789,0.27684229477500893,3.7099744547886355,0.2755919509027758
