fold,avg_len,test_loss,test_acc,val_loss,val_acc,best_epoch
0,3.660889338120588,0.2855482072292888,3.710855163093883,0.27727736155707045,5
1,3.7871623893037123,0.2698609376967853,3.643127224356425,0.2842331094681736,5
2,3.7113883155600313,0.2754812610162804,3.790136022136056,0.2663617160416903,9
3,3.6971075577268255,0.27647877315768116,3.6957794095681766,0.2744956165441688,5
