test_loss,test_acc,val_loss,val_acc
3.8246304026019384,0.27074298637905436,3.843018605193945,0.2691818751507643
