test_loss,test_acc,val_loss,val_acc
3.8197287018657136,0.26860489786396313,3.845535158925686,0.26597300135803104
