fold,avg_len,test_loss,test_acc,val_loss,val_acc,best_epoch
0,3.9301217523598972,0.27331067572070017,4.007318454798967,0.2509530718115048,2
1,3.710393641475489,0.2782343259442442,3.885229360796733,0.2718247992337439,6
2,3.7174579893250708,0.27395759961502564,3.828879747281963,0.28020671217387166,3
3,3.9405482272472963,0.25746934423624745,3.6506468578981166,0.27374291738393697,4
