fold,avg_len,test_loss,test_acc,val_loss,val_acc,best_epoch
0,3.94824729799809,0.26967923697962365,4.023228102388982,0.24932427187364245,2
1,3.70856424357048,0.2812878439634925,3.894322793131381,0.2657050029395268,5
2,3.708761122938842,0.268360318819451,3.8101185901989956,0.2802455749235226,5
3,3.913342142955442,0.25509219169328523,3.654471149983385,0.26861715569543226,11
