test_loss,test_acc,val_loss,val_acc
3.8286543451277066,0.2670972266637649,3.8431767809046162,0.2673554044823714
