test_loss,test_acc,val_loss,val_acc
3.73702276085056,0.2709219944980805,3.7345747344840765,0.2706445517136547
