test_loss,test_acc,val_loss,val_acc
3.7181947529509953,0.2751376039905631,3.7145985820421217,0.27641433780077823
