fold,avg_len,test_loss,test_acc,val_loss,val_acc,best_epoch
0,3.6860902325024005,0.28353881397927244,3.735468832813087,0.2702972630758841,5
1,3.802819093180763,0.26258812660795894,3.666243810406155,0.2879570091153246,3
2,3.71906064544757,0.27127229644299883,3.810804033149312,0.25982263823096374,4
3,3.7401210722715064,0.266288740962092,3.725782261567752,0.2645012964324464,3
