test_loss,test_acc,val_loss,val_acc
3.725364493449917,0.2748989213193913,3.7211520284433535,0.27473504860457787
