test_loss,test_acc,val_loss,val_acc
3.707838660941007,0.27916565322128856,3.7065699185763354,0.28026411096285125
