fold,avg_len,test_loss,test_acc,val_loss,val_acc,best_epoch
0,3.666997114766419,0.2879824850141119,3.723132474027846,0.2726522222826579,7
1,3.7960616546527746,0.2654478668902139,3.659191443918268,0.2866898030264842,10
2,3.719629171308085,0.27349839138599213,3.7998055427142714,0.2651583081363562,5
3,3.7187700330723885,0.2726669419872475,3.7024786531130287,0.2744398609728132,8
