fold,avg_len,test_loss,test_acc,val_loss,val_acc,best_epoch
0,3.6535772709712204,0.2898605329836152,3.6957418527815835,0.2826685623617578,11
1,3.769878642156516,0.2679833114267699,3.640745814177614,0.2919003575054582,9
2,3.711011809931433,0.27886833103323894,3.794205136970541,0.27031340021394723,6
3,3.6968869207048587,0.2799504374415303,3.6955868703756027,0.2761741237702419,8
