test_loss,test_acc,val_loss,val_acc
3.727834083443026,0.2720286021326891,3.7271012504084835,0.27205105211389236
