test_loss,test_acc,val_loss,val_acc
3.6937083262452557,0.280151152926418,3.6927218072565364,0.2800264111160157
