fold,avg_len,test_loss,test_acc,val_loss,val_acc,best_epoch
0,3.6598130858195654,0.2869431324504066,3.7192128698171456,0.2719157533681066,10
1,3.811260198911724,0.254040901667132,3.6761976103111285,0.27625696912331177,3
2,3.7226312652481974,0.27461694186986246,3.808673901016247,0.2660031338952805,4
3,3.717631783792617,0.27251343254335547,3.704320620489411,0.27402835206887066,6
