fold,avg_len,test_loss,test_acc,val_loss,val_acc,best_epoch
0,3.6357410805969113,0.28899919223169485,3.6824152365423335,0.2794483455598113,15
1,3.77049155756935,0.27173305610121856,3.637845946538489,0.28916715620390626,5
2,3.67675361679647,0.2797440644772698,3.773855139195815,0.27062953601907397,7
3,3.691847050018291,0.280128298895489,3.6767709067495082,0.2808606066812713,7
