test_loss,test_acc,val_loss,val_acc
3.8378191863847095,0.26642599300161507,3.8472247084721123,0.2680338426295891
