fold,avg_len,test_loss,test_acc,val_loss,val_acc,best_epoch
0,3.948086826037804,0.267721848908943,4.040397359627165,0.2579330333756392,3
1,3.761438570095106,0.27259709453174824,3.895518374576358,0.28445814572848377,1
2,3.7289634965122,0.2764411567353593,3.8283895546945783,0.2758686475087481,5
3,4.008468304038289,0.25498254180718194,3.6824194675407504,0.2833573357809518,3
