fold,avg_len,test_loss,test_acc,val_loss,val_acc,best_epoch
0,3.9526988071002167,0.26202059353150003,4.026640904974534,0.2521201405012455,2
1,3.738051292832813,0.2716940639590129,3.8927102393191744,0.2774547407036638,2
2,3.7115970735960624,0.27075919631815853,3.8052485712580806,0.2784471605100559,9
3,3.9602346488386146,0.2554910651251735,3.690645609279042,0.26529162364586145,3
