fold,avg_len,test_loss,test_acc,val_loss,val_acc,best_epoch
0,3.9476622756969926,0.2668955644560938,4.0249568991186955,0.2511124333936625,5
1,3.7308304908157757,0.27658420032874714,3.897421630312067,0.2740601526756579,2
2,3.729540447059155,0.26597021098295015,3.7898935537374516,0.27790163299883275,3
3,3.9432435319669157,0.2562539962386691,3.676626750720235,0.2690611514502034,4
