test_loss,test_acc,val_loss,val_acc
3.8406454555919267,0.26499122973346123,3.853811331207708,0.26832841634020665
