test_loss,test_acc,val_loss,val_acc
3.86173929917085,0.2679356604958081,3.8616811891097127,0.2754042905984557
