test_loss,test_acc,val_loss,val_acc
3.7272219130691533,0.27156626578219956,3.7207095817513762,0.2709881837072806
