test_loss,test_acc,val_loss,val_acc
3.709507354626113,0.2794983425042754,3.713285086795242,0.27749971119995653
