fold,avg_len,test_loss,test_acc,val_loss,val_acc,best_epoch
0,3.6653333789228535,0.2840765248520724,3.720805813556211,0.2668634952674221,5
1,3.8073103038081033,0.26178094152356546,3.652978374057353,0.28740234489393335,5
2,3.712084008243257,0.2712554754638418,3.8001690188278485,0.2546549715217113,4
3,3.7241599613024,0.26915212128931837,3.708885120564092,0.2750319231460558,3
