test_loss,test_acc,val_loss,val_acc
3.7086547220110155,0.27808352561103533,3.7037384390263304,0.27697547275808243
