test_loss,test_acc,val_loss,val_acc
3.7251228357101653,0.27332049220270693,3.728797811750983,0.27298242045565224
